id,name,price,categories
4,TestName-0,-999,[]
5,TestName-0,-999,[]
6,TestName-0,-999,[]
7,TestName-0,-999,[]
8,TestName-0,-999,[]
9,TestName-0,-999,[]
10,TestName-0,-999,[]
11,TestName-0,-999,[]
12,TestName-0,-999,[]
13,TestName-0,-999,[]
14,TestName-0,-999,[]
15,TestName-0,-999,[]
16,TestName-0,-999,[]
17,TestName-0,-999,[]
18,TestName-0,-999,[]
19,TestName-0,-999,[]
20,TestName-0,-999,[]
21,TestName-0,-999,[]
22,TestName-0,-999,[]
23,TestName-0,-999,[]
24,TestName-0,-999,[]
25,TestName-0,-999,[]
26,TestName-0,-999,[]
27,TestName-0,-999,[]
28,TestName-0,-999,[]
29,TestName-0,-999,[]
30,TestName-0,-999,[]
31,TestName-0,-999,[]
32,TestName-0,-999,[]
33,TestName-0,-999,[]
34,TestName-0,-999,[]
35,TestName-0,-999,[]
36,TestName-0,-999,[]
37,TestName-0,-999,[]
38,TestName-0,-999,[]
39,TestName-0,-999,[]
40,TestName-0,-999,[]
41,TestName-0,-999,[]
42,TestName-0,-999,[]
43,TestName-0,-999,[]
44,TestName-0,-999,[]
45,TestName-0,-999,[]
46,TestName-0,-999,[]
47,TestName-0,-999,[]
48,TestName-0,-999,[]
49,TestName-0,-999,[]
50,TestName-0,-999,[]
51,TestName-0,-999,[]
52,TestName-0,-999,[]
53,TestName-0,-999,[]
54,TestName-0,-999,[]
55,TestName-0,-999,[]
56,TestName-0,-999,[]
57,TestName-0,-999,[]
58,TestName-0,-999,[]
59,TestName-0,-999,[]
60,TestName-0,-999,[]
61,TestName-0,-999,[]
62,TestName-0,-999,[]
63,TestName-0,-999,[]
64,TestName-0,-999,[]
65,TestName-0,-999,[]
66,TestName-0,-999,[]
67,TestName-0,-999,[]
68,TestName-0,-999,[]
69,TestName-0,-999,[]
70,TestName-0,-999,[]
71,TestName-0,-999,[]
72,TestName-0,-999,[]
73,TestName-0,-999,[]
74,TestName-0,-999,[]
75,TestName-0,-999,[]
76,TestName-0,-999,[]
77,TestName-0,-999,[]
78,TestName-0,-999,[]
79,TestName-0,-999,[]
80,TestName-0,-999,[]
81,TestName-0,-999,[]
82,TestName-0,-999,[]
83,TestName-0,-999,[]
84,TestName-0,-999,[]
85,TestName-0,-999,[]
86,TestName-0,-999,[]
87,TestName-0,-999,[]
88,TestName-0,-999,[]
89,TestName-0,-999,[]
90,TestName-0,-999,[]
91,TestName-0,-999,[]
92,TestName-0,-999,[]
93,TestName-0,-999,[]
94,TestName-0,-999,[]
95,TestName-0,-999,[]
96,TestName-0,-999,[]
97,TestName-0,-999,[]
98,TestName-0,-999,[]
99,TestName-0,-999,[]
100,TestName-0,-999,[]
101,TestName-0,-999,[]
102,TestName-0,-999,[]
103,TestName-0,-999,[]
104,TestName-103,-999,[]
105,TestName-104,-999,[]
106,TestName-105,-999,[]
107,TestName-106,-999,[]
108,TestName-107,-999,[]
109,TestName-108,-999,[]
110,TestName-109,-999,[]
111,TestName-110,-999,[]
112,TestName-111,-999,[]
113,TestName-112,-999,[]
114,TestName-113,-999,[]
115,TestName-114,-999,[]
116,TestName-115,-999,[]
117,TestName-116,-999,[]
118,TestName-117,-999,[]
119,TestName-118,-999,[]
120,TestName-119,-999,[]
121,TestName-120,-999,[]
122,TestName-121,-999,[]
123,TestName-122,-999,[]
124,TestName-123,-999,[]
125,TestName-124,-999,[]
126,TestName-125,-999,[]
127,TestName-126,-999,[]
128,TestName-127,-999,[]
129,TestName-128,-999,[]
130,TestName-129,-999,[]
131,TestName-130,-999,[]
132,TestName-131,-999,[]
133,TestName-132,-999,[]
134,TestName-133,-999,[]
135,TestName-134,-999,[]
136,TestName-135,-999,[]
137,TestName-136,-999,[]
138,TestName-137,-999,[]
139,TestName-138,-999,[]
140,TestName-139,-999,[]
141,TestName-140,-999,[]
142,TestName-141,-999,[]
143,TestName-142,-999,[]
144,TestName-143,-999,[]
145,TestName-144,-999,[]
146,TestName-145,-999,[]
147,TestName-146,-999,[]
148,TestName-147,-999,[]
149,TestName-148,-999,[]
150,TestName-149,-999,[]
151,TestName-150,-999,[]
152,TestName-151,-999,[]
153,TestName-152,-999,[]
154,TestName-153,-999,[]
155,TestName-154,-999,[]
156,TestName-155,-999,[]
157,TestName-156,-999,[]
158,TestName-157,-999,[]
159,TestName-158,-999,[]
160,TestName-159,-999,[]
161,TestName-160,-999,[]
162,TestName-161,-999,[]
163,TestName-162,-999,[]
164,TestName-163,-999,[]
165,TestName-164,-999,[]
166,TestName-165,-999,[]
167,TestName-166,-999,[]
168,TestName-167,-999,[]
169,TestName-168,-999,[]
170,TestName-169,-999,[]
171,TestName-170,-999,[]
172,TestName-171,-999,[]
173,TestName-172,-999,[]
174,TestName-173,-999,[]
175,TestName-174,-999,[]
176,TestName-175,-999,[]
177,TestName-176,-999,[]
178,TestName-177,-999,[]
179,TestName-178,-999,[]
180,TestName-179,-999,[]
181,TestName-180,-999,[]
182,TestName-181,-999,[]
183,TestName-182,-999,[]
184,TestName-183,-999,[]
185,TestName-184,-999,[]
186,TestName-185,-999,[]
187,TestName-186,-999,[]
188,TestName-187,-999,[]
189,TestName-188,-999,[]
190,TestName-189,-999,[]
191,TestName-190,-999,[]
192,TestName-191,-999,[]
193,TestName-192,-999,[]
194,TestName-193,-999,[]
195,TestName-194,-999,[]
196,TestName-195,-999,[]
197,TestName-196,-999,[]
198,TestName-197,-999,[]
199,TestName-198,-999,[]
200,TestName-199,-999,[]
201,TestName-200,-999,[]
202,TestName-201,-999,[]
203,TestName-202,-999,[]
204,TestName-203,-999,[]
205,TestName-204,-999,[]
206,TestName-205,-999,[]
207,TestName-206,-999,[]
208,TestName-207,-999,[]
209,TestName-208,-999,[]
210,TestName-209,-999,[]
211,TestName-210,-999,[]
212,TestName-211,-999,[]
213,TestName-212,-999,[]
214,TestName-213,-999,[]
215,TestName-214,-999,[]
216,TestName-215,-999,[]
217,TestName-216,-999,[]
218,TestName-217,-999,[]
219,TestName-218,-999,[]
220,TestName-219,-999,[]
221,TestName-220,-999,[]
222,TestName-221,-999,[]
223,TestName-222,-999,[]
224,TestName-223,-999,[]
225,TestName-224,-999,[]
226,TestName-225,-999,[]
227,TestName-226,-999,[]
228,TestName-227,-999,[]
229,TestName-228,-999,[]
230,TestName-229,-999,[]
231,TestName-230,-999,[]
232,TestName-231,-999,[]
233,TestName-232,-999,[]
234,TestName-233,-999,[]
235,TestName-234,-999,[]
236,TestName-235,-999,[]
237,TestName-236,-999,[]
238,TestName-237,-999,[]
239,TestName-238,-999,[]
240,TestName-239,-999,[]
241,TestName-240,-999,[]
242,TestName-241,-999,[]
243,TestName-242,-999,[]
244,TestName-243,-999,[]
245,TestName-244,-999,[]
246,TestName-245,-999,[]
247,TestName-246,-999,[]
248,TestName-247,-999,[]
249,TestName-248,-999,[]
250,TestName-249,-999,[]
251,TestName-250,-999,[]
252,TestName-251,-999,[]
253,TestName-252,-999,[]
254,TestName-253,-999,[]
255,TestName-254,-999,[]
256,TestName-255,-999,[]
257,TestName-256,-999,[]
258,TestName-257,-999,[]
259,TestName-258,-999,[]
260,TestName-259,-999,[]
261,TestName-260,-999,[]
262,TestName-261,-999,[]
263,TestName-262,-999,[]
264,TestName-263,-999,[]
265,TestName-264,-999,[]
266,TestName-265,-999,[]
267,TestName-266,-999,[]
268,TestName-267,-999,[]
269,TestName-268,-999,[]
270,TestName-269,-999,[]
271,TestName-270,-999,[]
272,TestName-271,-999,[]
273,TestName-272,-999,[]
274,TestName-273,-999,[]
275,TestName-274,-999,[]
276,TestName-275,-999,[]
277,TestName-276,-999,[]
278,TestName-277,-999,[]
279,TestName-278,-999,[]
280,TestName-279,-999,[]
281,TestName-280,-999,[]
282,TestName-281,-999,[]
283,TestName-282,-999,[]
284,TestName-283,-999,[]
285,TestName-284,-999,[]
286,TestName-285,-999,[]
287,TestName-286,-999,[]
288,TestName-287,-999,[]
289,TestName-288,-999,[]
290,TestName-289,-999,[]
291,TestName-290,-999,[]
292,TestName-291,-999,[]
293,TestName-292,-999,[]
294,TestName-293,-999,[]
295,TestName-294,-999,[]
296,TestName-295,-999,[]
297,TestName-296,-999,[]
298,TestName-297,-999,[]
299,TestName-298,-999,[]
300,TestName-299,-999,[]
301,TestName-300,-999,[]
302,TestName-301,-999,[]
303,TestName-302,-999,[]
304,TestName-303,-999,[]
305,TestName-304,-999,[]
306,TestName-305,-999,[]
307,TestName-306,-999,[]
308,TestName-307,-999,[]
309,TestName-308,-999,[]
310,TestName-309,-999,[]
311,TestName-310,-999,[]
312,TestName-311,-999,[]
313,TestName-312,-999,[]
314,TestName-313,-999,[]
315,TestName-314,-999,[]
316,TestName-315,-999,[]
317,TestName-316,-999,[]
318,TestName-317,-999,[]
319,TestName-318,-999,[]
320,TestName-319,-999,[]
321,TestName-320,-999,[]
322,TestName-321,-999,[]
323,TestName-322,-999,[]
324,TestName-323,-999,[]
325,TestName-324,-999,[]
326,TestName-325,-999,[]
327,TestName-326,-999,[]
328,TestName-327,-999,[]
329,TestName-328,-999,[]
330,TestName-329,-999,[]
331,TestName-330,-999,[]
332,TestName-331,-999,[]
333,TestName-332,-999,[]
334,TestName-333,-999,[]
335,TestName-334,-999,[]
336,TestName-335,-999,[]
337,TestName-336,-999,[]
338,TestName-337,-999,[]
339,TestName-338,-999,[]
340,TestName-339,-999,[]
341,TestName-340,-999,[]
342,TestName-341,-999,[]
343,TestName-342,-999,[]
344,TestName-343,-999,[]
345,TestName-344,-999,[]
346,TestName-345,-999,[]
347,TestName-346,-999,[]
348,TestName-347,-999,[]
349,TestName-348,-999,[]
350,TestName-349,-999,[]
351,TestName-350,-999,[]
352,TestName-351,-999,[]
353,TestName-352,-999,[]
354,TestName-353,-999,[]
355,TestName-354,-999,[]
356,TestName-355,-999,[]
357,TestName-356,-999,[]
358,TestName-357,-999,[]
359,TestName-358,-999,[]
360,TestName-359,-999,[]
361,TestName-360,-999,[]
362,TestName-361,-999,[]
363,TestName-362,-999,[]
364,TestName-363,-999,[]
365,TestName-364,-999,[]
366,TestName-365,-999,[]
367,TestName-366,-999,[]
368,TestName-367,-999,[]
369,TestName-368,-999,[]
370,TestName-369,-999,[]
371,TestName-370,-999,[]
372,TestName-371,-999,[]
373,TestName-372,-999,[]
374,TestName-373,-999,[]
375,TestName-374,-999,[]
376,TestName-375,-999,[]
377,TestName-376,-999,[]
378,TestName-377,-999,[]
379,TestName-378,-999,[]
380,TestName-379,-999,[]
381,TestName-380,-999,[]
382,TestName-381,-999,[]
383,TestName-382,-999,[]
384,TestName-383,-999,[]
385,TestName-384,-999,[]
386,TestName-385,-999,[]
387,TestName-386,-999,[]
388,TestName-387,-999,[]
389,TestName-388,-999,[]
390,TestName-389,-999,[]
391,TestName-390,-999,[]
392,TestName-391,-999,[]
393,TestName-392,-999,[]
394,TestName-393,-999,[]
395,TestName-394,-999,[]
396,TestName-395,-999,[]
397,TestName-396,-999,[]
398,TestName-397,-999,[]
399,TestName-398,-999,[]
400,TestName-399,-999,[]
401,TestName-400,-999,[]
402,TestName-401,-999,[]
403,TestName-402,-999,[]
